contract_version,dataset_id,source_system,source_record_id,supplier_code,document_number,document_type,issue_date,posting_date,reporting_period_start,reporting_period_end,currency,declared_net,declared_tax,declared_gross,line_number,description,item_code,quantity,unit_price,net_amount,tax_category,tax_rate,tax_amount,gross_amount,line_currency
1.0,smoke-v1-seed-20260731,ERP_ONE,invoice-000001,SUP-001,INV-202607-000001,INVOICE,2026-07-10,2026-07-12,2026-07-01,2026-08-01,SGD,2822.38,254.01,3076.39,1,"Synthetic service, invoice 000001 line 01",ITEM-001,2.0000,468.19,936.38,STANDARD_RATED,0.0900,84.27,1020.65,SGD
1.0,smoke-v1-seed-20260731,ERP_ONE,invoice-000001,SUP-001,INV-202607-000001,INVOICE,2026-07-10,2026-07-12,2026-07-01,2026-08-01,SGD,2822.38,254.01,3076.39,2,"Synthetic service, invoice 000001 line 02",ITEM-002,4.0000,471.50,1886.00,STANDARD_RATED,0.0900,169.74,2055.74,SGD
1.0,smoke-v1-seed-20260731,ERP_ONE,invoice-000002,SUP-002,INV-202607-000002,INVOICE,2026-07-19,2026-07-21,2026-07-01,2026-08-01,SGD,3189.25,287.03,3476.28,1,"Synthetic service, invoice 000002 line 01",ITEM-001,5.0000,296.42,1482.10,STANDARD_RATED,0.0900,133.39,1615.49,SGD
1.0,smoke-v1-seed-20260731,ERP_ONE,invoice-000002,SUP-002,INV-202607-000002,INVOICE,2026-07-19,2026-07-21,2026-07-01,2026-08-01,SGD,3189.25,287.03,3476.28,2,"Synthetic service, invoice 000002 line 02",ITEM-002,5.0000,341.43,1707.15,STANDARD_RATED,0.0900,153.64,1860.79,SGD
1.0,smoke-v1-seed-20260731,ERP_ONE,invoice-000003,SUP-003,INV-202607-000003,INVOICE,2026-07-14,2026-07-15,2026-07-01,2026-08-01,SGD,663.50,59.72,723.22,1,"Synthetic service, invoice 000003 line 01",ITEM-001,2.0000,331.75,663.50,STANDARD_RATED,0.0900,59.72,723.22,SGD
1.0,smoke-v1-seed-20260731,ERP_ONE,invoice-000004,SUP-004,INV-202607-000004,INVOICE,2026-07-06,2026-07-07,2026-07-01,2026-08-01,SGD,773.38,69.60,842.98,1,"Synthetic service, invoice 000004 line 01",ITEM-001,2.0000,386.69,773.38,STANDARD_RATED,0.0900,69.60,842.98,SGD
1.0,smoke-v1-seed-20260731,ERP_ONE,invoice-000005,SUP-005,INV-202607-000005,INVOICE,2026-07-10,2026-07-11,2026-07-01,2026-08-01,SGD,504.41,45.39,549.80,1,"Synthetic service, invoice 000005 line 01",ITEM-001,2.0000,38.47,76.94,STANDARD_RATED,0.0900,6.92,83.86,SGD
1.0,smoke-v1-seed-20260731,ERP_ONE,invoice-000005,SUP-005,INV-202607-000005,INVOICE,2026-07-10,2026-07-11,2026-07-01,2026-08-01,SGD,504.41,45.39,549.80,2,"Synthetic service, invoice 000005 line 02",ITEM-002,1.0000,427.47,427.47,STANDARD_RATED,0.0900,38.47,465.94,SGD
1.0,smoke-v1-seed-20260731,ERP_ONE,invoice-000006,SUP-006,INV-202607-000006,INVOICE,2026-07-02,2026-07-04,2026-07-01,2026-08-01,SGD,902.66,81.24,983.90,1,"Synthetic service, invoice 000006 line 01",ITEM-001,2.0000,27.07,54.14,STANDARD_RATED,0.0900,4.87,59.01,SGD
1.0,smoke-v1-seed-20260731,ERP_ONE,invoice-000006,SUP-006,INV-202607-000006,INVOICE,2026-07-02,2026-07-04,2026-07-01,2026-08-01,SGD,902.66,81.24,983.90,2,"Synthetic service, invoice 000006 line 02",ITEM-002,2.0000,424.26,848.52,STANDARD_RATED,0.0900,76.37,924.89,SGD
1.0,smoke-v1-seed-20260731,ERP_ONE,invoice-000007,SUP-007,INV-202607-000007,INVOICE,2026-07-10,2026-07-12,2026-07-01,2026-08-01,SGD,2693.25,242.39,2935.64,1,"Synthetic service, invoice 000007 line 01",ITEM-001,1.0000,257.58,257.58,STANDARD_RATED,0.0900,23.18,280.76,SGD
1.0,smoke-v1-seed-20260731,ERP_ONE,invoice-000007,SUP-007,INV-202607-000007,INVOICE,2026-07-10,2026-07-12,2026-07-01,2026-08-01,SGD,2693.25,242.39,2935.64,2,"Synthetic service, invoice 000007 line 02",ITEM-002,5.0000,326.07,1630.35,STANDARD_RATED,0.0900,146.73,1777.08,SGD
1.0,smoke-v1-seed-20260731,ERP_ONE,invoice-000007,SUP-007,INV-202607-000007,INVOICE,2026-07-10,2026-07-12,2026-07-01,2026-08-01,SGD,2693.25,242.39,2935.64,3,"Synthetic service, invoice 000007 line 03",ITEM-003,2.0000,402.66,805.32,STANDARD_RATED,0.0900,72.48,877.80,SGD
1.0,smoke-v1-seed-20260731,ERP_ONE,invoice-000008,SUP-008,INV-202607-000008,INVOICE,2026-07-16,2026-07-17,2026-07-01,2026-08-01,SGD,1229.28,110.64,1339.92,1,"Synthetic service, invoice 000008 line 01",ITEM-001,3.0000,409.76,1229.28,STANDARD_RATED,0.0900,110.64,1339.92,SGD
1.0,smoke-v1-seed-20260731,ERP_ONE,invoice-000009,SUP-009,INV-202607-000009,INVOICE,2026-07-07,2026-07-09,2026-07-01,2026-08-01,SGD,1394.21,125.48,1519.69,1,"Synthetic service, invoice 000009 line 01",ITEM-001,1.0000,473.25,473.25,STANDARD_RATED,0.0900,42.59,515.84,SGD
1.0,smoke-v1-seed-20260731,ERP_ONE,invoice-000009,SUP-009,INV-202607-000009,INVOICE,2026-07-07,2026-07-09,2026-07-01,2026-08-01,SGD,1394.21,125.48,1519.69,2,"Synthetic service, invoice 000009 line 02",ITEM-002,2.0000,460.48,920.96,STANDARD_RATED,0.0900,82.89,1003.85,SGD
1.0,smoke-v1-seed-20260731,ERP_ONE,invoice-000010,SUP-010,INV-202607-000010,INVOICE,2026-07-15,2026-07-17,2026-07-01,2026-08-01,SGD,1015.51,91.39,1106.90,1,"Synthetic service, invoice 000010 line 01",ITEM-001,1.0000,363.94,363.94,STANDARD_RATED,0.0900,32.75,396.69,SGD
1.0,smoke-v1-seed-20260731,ERP_ONE,invoice-000010,SUP-010,INV-202607-000010,INVOICE,2026-07-15,2026-07-17,2026-07-01,2026-08-01,SGD,1015.51,91.39,1106.90,2,"Synthetic service, invoice 000010 line 02",ITEM-002,3.0000,98.94,296.82,STANDARD_RATED,0.0900,26.71,323.53,SGD
1.0,smoke-v1-seed-20260731,ERP_ONE,invoice-000010,SUP-010,INV-202607-000010,INVOICE,2026-07-15,2026-07-17,2026-07-01,2026-08-01,SGD,1015.51,91.39,1106.90,3,"Synthetic service, invoice 000010 line 03",ITEM-003,3.0000,118.25,354.75,STANDARD_RATED,0.0900,31.93,386.68,SGD
1.0,smoke-v1-seed-20260731,ERP_ONE,invoice-000011,SUP-001,INV-202607-000011,INVOICE,2026-07-10,2026-07-12,2026-07-01,2026-08-01,SGD,368.26,33.14,401.40,1,"Synthetic service, invoice 000011 line 01",ITEM-001,1.0000,368.26,368.26,STANDARD_RATED,0.0900,33.14,401.40,SGD
1.0,smoke-v1-seed-20260731,ERP_ONE,invoice-000012,SUP-002,INV-202607-000012,INVOICE,2026-07-08,2026-07-09,2026-07-01,2026-08-01,SGD,548.70,49.38,598.08,1,"Synthetic service, invoice 000012 line 01",ITEM-001,2.0000,274.35,548.70,STANDARD_RATED,0.0900,49.38,598.08,SGD
1.0,smoke-v1-seed-20260731,ERP_ONE,invoice-000013,SUP-003,INV-202607-000013,INVOICE,2026-07-17,2026-07-19,2026-07-01,2026-08-01,SGD,1464.12,131.77,1595.89,1,"Synthetic service, invoice 000013 line 01",ITEM-001,3.0000,328.62,985.86,STANDARD_RATED,0.0900,88.73,1074.59,SGD
1.0,smoke-v1-seed-20260731,ERP_ONE,invoice-000013,SUP-003,INV-202607-000013,INVOICE,2026-07-17,2026-07-19,2026-07-01,2026-08-01,SGD,1464.12,131.77,1595.89,2,"Synthetic service, invoice 000013 line 02",ITEM-002,4.0000,39.58,158.32,STANDARD_RATED,0.0900,14.25,172.57,SGD
1.0,smoke-v1-seed-20260731,ERP_ONE,invoice-000013,SUP-003,INV-202607-000013,INVOICE,2026-07-17,2026-07-19,2026-07-01,2026-08-01,SGD,1464.12,131.77,1595.89,3,"Synthetic service, invoice 000013 line 03",ITEM-003,1.0000,319.94,319.94,STANDARD_RATED,0.0900,28.79,348.73,SGD
1.0,smoke-v1-seed-20260731,ERP_ONE,invoice-000014,SUP-004,INV-202607-000014,INVOICE,2026-07-06,2026-07-07,2026-07-01,2026-08-01,SGD,2417.55,217.58,2635.13,1,"Synthetic service, invoice 000014 line 01",ITEM-001,5.0000,410.31,2051.55,STANDARD_RATED,0.0900,184.64,2236.19,SGD
1.0,smoke-v1-seed-20260731,ERP_ONE,invoice-000014,SUP-004,INV-202607-000014,INVOICE,2026-07-06,2026-07-07,2026-07-01,2026-08-01,SGD,2417.55,217.58,2635.13,2,"Synthetic service, invoice 000014 line 02",ITEM-002,2.0000,183.00,366.00,STANDARD_RATED,0.0900,32.94,398.94,SGD
1.0,smoke-v1-seed-20260731,ERP_ONE,invoice-000015,SUP-005,INV-202607-000015,INVOICE,2026-07-16,2026-07-17,2026-07-01,2026-08-01,SGD,1183.80,106.54,1290.34,1,"Synthetic service, invoice 000015 line 01",ITEM-001,5.0000,144.09,720.45,STANDARD_RATED,0.0900,64.84,785.29,SGD
1.0,smoke-v1-seed-20260731,ERP_ONE,invoice-000015,SUP-005,INV-202607-000015,INVOICE,2026-07-16,2026-07-17,2026-07-01,2026-08-01,SGD,1183.80,106.54,1290.34,2,"Synthetic service, invoice 000015 line 02",ITEM-002,3.0000,154.45,463.35,STANDARD_RATED,0.0900,41.70,505.05,SGD
1.0,smoke-v1-seed-20260731,ERP_ONE,invoice-000016,SUP-006,INV-202607-000016,INVOICE,2026-07-10,2026-07-12,2026-07-01,2026-08-01,SGD,1279.34,115.14,1394.48,1,"Synthetic service, invoice 000016 line 01",ITEM-001,5.0000,51.47,257.35,STANDARD_RATED,0.0900,23.16,280.51,SGD
1.0,smoke-v1-seed-20260731,ERP_ONE,invoice-000016,SUP-006,INV-202607-000016,INVOICE,2026-07-10,2026-07-12,2026-07-01,2026-08-01,SGD,1279.34,115.14,1394.48,2,"Synthetic service, invoice 000016 line 02",ITEM-002,2.0000,276.12,552.24,STANDARD_RATED,0.0900,49.70,601.94,SGD
1.0,smoke-v1-seed-20260731,ERP_ONE,invoice-000016,SUP-006,INV-202607-000016,INVOICE,2026-07-10,2026-07-12,2026-07-01,2026-08-01,SGD,1279.34,115.14,1394.48,3,"Synthetic service, invoice 000016 line 03",ITEM-003,5.0000,93.95,469.75,STANDARD_RATED,0.0900,42.28,512.03,SGD
1.0,smoke-v1-seed-20260731,ERP_ONE,invoice-000017,SUP-007,INV-202607-000017,INVOICE,2026-07-20,2026-07-21,2026-07-01,2026-08-01,SGD,269.88,24.29,294.17,1,"Synthetic service, invoice 000017 line 01",ITEM-001,2.0000,134.94,269.88,STANDARD_RATED,0.0900,24.29,294.17,SGD
1.0,smoke-v1-seed-20260731,ERP_ONE,invoice-000018,SUP-008,INV-202607-000018,INVOICE,2026-07-22,2026-07-22,2026-07-01,2026-08-01,SGD,1210.35,108.94,1319.29,1,"Synthetic service, invoice 000018 line 01",ITEM-001,1.0000,198.30,198.30,STANDARD_RATED,0.0900,17.85,216.15,SGD
1.0,smoke-v1-seed-20260731,ERP_ONE,invoice-000018,SUP-008,INV-202607-000018,INVOICE,2026-07-22,2026-07-22,2026-07-01,2026-08-01,SGD,1210.35,108.94,1319.29,2,"Synthetic service, invoice 000018 line 02",ITEM-002,3.0000,234.54,703.62,STANDARD_RATED,0.0900,63.33,766.95,SGD
1.0,smoke-v1-seed-20260731,ERP_ONE,invoice-000018,SUP-008,INV-202607-000018,INVOICE,2026-07-22,2026-07-22,2026-07-01,2026-08-01,SGD,1210.35,108.94,1319.29,3,"Synthetic service, invoice 000018 line 03",ITEM-003,1.0000,308.43,308.43,STANDARD_RATED,0.0900,27.76,336.19,SGD
1.0,smoke-v1-seed-20260731,ERP_ONE,invoice-000019,SUP-009,INV-202607-000019,INVOICE,2026-07-14,2026-07-15,2026-07-01,2026-08-01,SGD,1071.16,96.40,1167.56,1,"Synthetic service, invoice 000019 line 01",ITEM-001,2.0000,210.63,421.26,STANDARD_RATED,0.0900,37.91,459.17,SGD
1.0,smoke-v1-seed-20260731,ERP_ONE,invoice-000019,SUP-009,INV-202607-000019,INVOICE,2026-07-14,2026-07-15,2026-07-01,2026-08-01,SGD,1071.16,96.40,1167.56,2,"Synthetic service, invoice 000019 line 02",ITEM-002,5.0000,129.98,649.90,STANDARD_RATED,0.0900,58.49,708.39,SGD
1.0,smoke-v1-seed-20260731,ERP_ONE,invoice-000020,SUP-010,INV-202607-000020,INVOICE,2026-07-16,2026-07-18,2026-07-01,2026-08-01,SGD,2602.64,234.23,2836.87,1,"Synthetic service, invoice 000020 line 01",ITEM-001,2.0000,190.68,381.36,STANDARD_RATED,0.0900,34.32,415.68,SGD
1.0,smoke-v1-seed-20260731,ERP_ONE,invoice-000020,SUP-010,INV-202607-000020,INVOICE,2026-07-16,2026-07-18,2026-07-01,2026-08-01,SGD,2602.64,234.23,2836.87,2,"Synthetic service, invoice 000020 line 02",ITEM-002,4.0000,399.37,1597.48,STANDARD_RATED,0.0900,143.77,1741.25,SGD
1.0,smoke-v1-seed-20260731,ERP_ONE,invoice-000020,SUP-010,INV-202607-000020,INVOICE,2026-07-16,2026-07-18,2026-07-01,2026-08-01,SGD,2602.64,234.23,2836.87,3,"Synthetic service, invoice 000020 line 03",ITEM-003,4.0000,155.95,623.80,STANDARD_RATED,0.0900,56.14,679.94,SGD
1.0,smoke-v1-seed-20260731,ERP_ONE,invoice-000021,SUP-001,INV-202607-000021,INVOICE,2026-07-14,2026-07-16,2026-07-01,2026-08-01,SGD,991.50,89.23,1080.73,1,"Synthetic service, invoice 000021 line 01",ITEM-001,2.0000,246.35,492.70,STANDARD_RATED,0.0900,44.34,537.04,SGD
1.0,smoke-v1-seed-20260731,ERP_ONE,invoice-000021,SUP-001,INV-202607-000021,INVOICE,2026-07-14,2026-07-16,2026-07-01,2026-08-01,SGD,991.50,89.23,1080.73,2,"Synthetic service, invoice 000021 line 02",ITEM-002,4.0000,124.70,498.80,STANDARD_RATED,0.0900,44.89,543.69,SGD
1.0,smoke-v1-seed-20260731,ERP_ONE,invoice-000022,SUP-002,INV-202607-000022,INVOICE,2026-07-04,2026-07-05,2026-07-01,2026-08-01,SGD,3154.36,283.89,3438.25,1,"Synthetic service, invoice 000022 line 01",ITEM-001,2.0000,355.26,710.52,STANDARD_RATED,0.0900,63.95,774.47,SGD
1.0,smoke-v1-seed-20260731,ERP_ONE,invoice-000022,SUP-002,INV-202607-000022,INVOICE,2026-07-04,2026-07-05,2026-07-01,2026-08-01,SGD,3154.36,283.89,3438.25,2,"Synthetic service, invoice 000022 line 02",ITEM-002,3.0000,22.23,66.69,STANDARD_RATED,0.0900,6.00,72.69,SGD
1.0,smoke-v1-seed-20260731,ERP_ONE,invoice-000022,SUP-002,INV-202607-000022,INVOICE,2026-07-04,2026-07-05,2026-07-01,2026-08-01,SGD,3154.36,283.89,3438.25,3,"Synthetic service, invoice 000022 line 03",ITEM-003,5.0000,475.43,2377.15,STANDARD_RATED,0.0900,213.94,2591.09,SGD
1.0,smoke-v1-seed-20260731,ERP_ONE,invoice-000023,SUP-003,INV-202607-000023,INVOICE,2026-07-09,2026-07-10,2026-07-01,2026-08-01,SGD,1236.53,111.30,1347.83,1,"Synthetic service, invoice 000023 line 01",ITEM-001,1.0000,358.50,358.50,STANDARD_RATED,0.0900,32.27,390.77,SGD
1.0,smoke-v1-seed-20260731,ERP_ONE,invoice-000023,SUP-003,INV-202607-000023,INVOICE,2026-07-09,2026-07-10,2026-07-01,2026-08-01,SGD,1236.53,111.30,1347.83,2,"Synthetic service, invoice 000023 line 02",ITEM-002,1.0000,440.53,440.53,STANDARD_RATED,0.0900,39.65,480.18,SGD
1.0,smoke-v1-seed-20260731,ERP_ONE,invoice-000023,SUP-003,INV-202607-000023,INVOICE,2026-07-09,2026-07-10,2026-07-01,2026-08-01,SGD,1236.53,111.30,1347.83,3,"Synthetic service, invoice 000023 line 03",ITEM-003,1.0000,437.50,437.50,STANDARD_RATED,0.0900,39.38,476.88,SGD
1.0,smoke-v1-seed-20260731,ERP_ONE,invoice-000024,SUP-004,INV-202607-000024,INVOICE,2026-07-02,2026-07-02,2026-07-01,2026-08-01,SGD,1139.83,102.59,1242.42,1,"Synthetic service, invoice 000024 line 01",ITEM-001,3.0000,285.25,855.75,STANDARD_RATED,0.0900,77.02,932.77,SGD
1.0,smoke-v1-seed-20260731,ERP_ONE,invoice-000024,SUP-004,INV-202607-000024,INVOICE,2026-07-02,2026-07-02,2026-07-01,2026-08-01,SGD,1139.83,102.59,1242.42,2,"Synthetic service, invoice 000024 line 02",ITEM-002,4.0000,71.02,284.08,STANDARD_RATED,0.0900,25.57,309.65,SGD
1.0,smoke-v1-seed-20260731,ERP_ONE,invoice-000025,SUP-005,INV-202607-000025,INVOICE,2026-07-22,2026-07-22,2026-07-01,2026-08-01,SGD,1130.70,101.76,1232.46,1,"Synthetic service, invoice 000025 line 01",ITEM-001,2.0000,267.83,535.66,STANDARD_RATED,0.0900,48.21,583.87,SGD
1.0,smoke-v1-seed-20260731,ERP_ONE,invoice-000025,SUP-005,INV-202607-000025,INVOICE,2026-07-22,2026-07-22,2026-07-01,2026-08-01,SGD,1130.70,101.76,1232.46,2,"Synthetic service, invoice 000025 line 02",ITEM-002,2.0000,297.52,595.04,STANDARD_RATED,0.0900,53.55,648.59,SGD
1.0,smoke-v1-seed-20260731,ERP_ONE,invoice-000026,SUP-006,INV-202607-000026,INVOICE,2026-07-08,2026-07-09,2026-07-01,2026-08-01,SGD,2385.71,214.71,2600.42,1,"Synthetic service, invoice 000026 line 01",ITEM-001,2.0000,12.21,24.42,STANDARD_RATED,0.0900,2.20,26.62,SGD
1.0,smoke-v1-seed-20260731,ERP_ONE,invoice-000026,SUP-006,INV-202607-000026,INVOICE,2026-07-08,2026-07-09,2026-07-01,2026-08-01,SGD,2385.71,214.71,2600.42,2,"Synthetic service, invoice 000026 line 02",ITEM-002,3.0000,480.98,1442.94,STANDARD_RATED,0.0900,129.86,1572.80,SGD
1.0,smoke-v1-seed-20260731,ERP_ONE,invoice-000026,SUP-006,INV-202607-000026,INVOICE,2026-07-08,2026-07-09,2026-07-01,2026-08-01,SGD,2385.71,214.71,2600.42,3,"Synthetic service, invoice 000026 line 03",ITEM-003,5.0000,183.67,918.35,STANDARD_RATED,0.0900,82.65,1001.00,SGD
1.0,smoke-v1-seed-20260731,ERP_ONE,invoice-000027,SUP-007,INV-202607-000027,INVOICE,2026-07-10,2026-07-11,2026-07-01,2026-08-01,SGD,2044.81,184.03,2228.84,1,"Synthetic service, invoice 000027 line 01",ITEM-001,5.0000,215.94,1079.70,STANDARD_RATED,0.0900,97.17,1176.87,SGD
1.0,smoke-v1-seed-20260731,ERP_ONE,invoice-000027,SUP-007,INV-202607-000027,INVOICE,2026-07-10,2026-07-11,2026-07-01,2026-08-01,SGD,2044.81,184.03,2228.84,2,"Synthetic service, invoice 000027 line 02",ITEM-002,1.0000,129.07,129.07,STANDARD_RATED,0.0900,11.62,140.69,SGD
1.0,smoke-v1-seed-20260731,ERP_ONE,invoice-000027,SUP-007,INV-202607-000027,INVOICE,2026-07-10,2026-07-11,2026-07-01,2026-08-01,SGD,2044.81,184.03,2228.84,3,"Synthetic service, invoice 000027 line 03",ITEM-003,3.0000,278.68,836.04,STANDARD_RATED,0.0900,75.24,911.28,SGD
1.0,smoke-v1-seed-20260731,ERP_ONE,invoice-000028,SUP-008,INV-202607-000028,INVOICE,2026-07-13,2026-07-15,2026-07-01,2026-08-01,SGD,1160.68,104.47,1265.15,1,"Synthetic service, invoice 000028 line 01",ITEM-001,5.0000,142.88,714.40,STANDARD_RATED,0.0900,64.30,778.70,SGD
1.0,smoke-v1-seed-20260731,ERP_ONE,invoice-000028,SUP-008,INV-202607-000028,INVOICE,2026-07-13,2026-07-15,2026-07-01,2026-08-01,SGD,1160.68,104.47,1265.15,2,"Synthetic service, invoice 000028 line 02",ITEM-002,4.0000,111.57,446.28,STANDARD_RATED,0.0900,40.17,486.45,SGD
1.0,smoke-v1-seed-20260731,ERP_ONE,invoice-000029,SUP-009,INV-202607-000029,INVOICE,2026-07-08,2026-07-10,2026-07-01,2026-08-01,SGD,1976.51,177.88,2154.39,1,"Synthetic service, invoice 000029 line 01",ITEM-001,1.0000,296.59,296.59,STANDARD_RATED,0.0900,26.69,323.28,SGD
1.0,smoke-v1-seed-20260731,ERP_ONE,invoice-000029,SUP-009,INV-202607-000029,INVOICE,2026-07-08,2026-07-10,2026-07-01,2026-08-01,SGD,1976.51,177.88,2154.39,2,"Synthetic service, invoice 000029 line 02",ITEM-002,5.0000,324.52,1622.60,STANDARD_RATED,0.0900,146.03,1768.63,SGD
1.0,smoke-v1-seed-20260731,ERP_ONE,invoice-000029,SUP-009,INV-202607-000029,INVOICE,2026-07-08,2026-07-10,2026-07-01,2026-08-01,SGD,1976.51,177.88,2154.39,3,"Synthetic service, invoice 000029 line 03",ITEM-003,4.0000,14.33,57.32,STANDARD_RATED,0.0900,5.16,62.48,SGD
1.0,smoke-v1-seed-20260731,ERP_ONE,invoice-000030,SUP-010,INV-202607-000030,INVOICE,2026-07-07,2026-07-07,2026-07-01,2026-08-01,SGD,146.88,13.22,160.10,1,"Synthetic service, invoice 000030 line 01",ITEM-001,4.0000,36.72,146.88,STANDARD_RATED,0.0900,13.22,160.10,SGD
1.0,smoke-v1-seed-20260731,ERP_ONE,invoice-000031,SUP-001,INV-202607-000031,INVOICE,2026-07-25,2026-07-26,2026-07-01,2026-08-01,SGD,2264.95,203.85,2468.80,1,"Synthetic service, invoice 000031 line 01",ITEM-001,3.0000,266.47,799.41,STANDARD_RATED,0.0900,71.95,871.36,SGD
1.0,smoke-v1-seed-20260731,ERP_ONE,invoice-000031,SUP-001,INV-202607-000031,INVOICE,2026-07-25,2026-07-26,2026-07-01,2026-08-01,SGD,2264.95,203.85,2468.80,2,"Synthetic service, invoice 000031 line 02",ITEM-002,5.0000,203.54,1017.70,STANDARD_RATED,0.0900,91.59,1109.29,SGD
1.0,smoke-v1-seed-20260731,ERP_ONE,invoice-000031,SUP-001,INV-202607-000031,INVOICE,2026-07-25,2026-07-26,2026-07-01,2026-08-01,SGD,2264.95,203.85,2468.80,3,"Synthetic service, invoice 000031 line 03",ITEM-003,4.0000,111.96,447.84,STANDARD_RATED,0.0900,40.31,488.15,SGD
1.0,smoke-v1-seed-20260731,ERP_ONE,invoice-000032,SUP-002,INV-202607-000032,INVOICE,2026-07-26,2026-07-28,2026-07-01,2026-08-01,SGD,879.86,79.19,959.05,1,"Synthetic service, invoice 000032 line 01",ITEM-001,2.0000,245.25,490.50,STANDARD_RATED,0.0900,44.15,534.65,SGD
1.0,smoke-v1-seed-20260731,ERP_ONE,invoice-000032,SUP-002,INV-202607-000032,INVOICE,2026-07-26,2026-07-28,2026-07-01,2026-08-01,SGD,879.86,79.19,959.05,2,"Synthetic service, invoice 000032 line 02",ITEM-002,1.0000,389.36,389.36,STANDARD_RATED,0.0900,35.04,424.40,SGD
1.0,smoke-v1-seed-20260731,ERP_ONE,invoice-000033,SUP-003,INV-202607-000033,INVOICE,2026-07-14,2026-07-15,2026-07-01,2026-08-01,SGD,1188.00,106.92,1294.92,1,"Synthetic service, invoice 000033 line 01",ITEM-001,2.0000,279.83,559.66,STANDARD_RATED,0.0900,50.37,610.03,SGD
1.0,smoke-v1-seed-20260731,ERP_ONE,invoice-000033,SUP-003,INV-202607-000033,INVOICE,2026-07-14,2026-07-15,2026-07-01,2026-08-01,SGD,1188.00,106.92,1294.92,2,"Synthetic service, invoice 000033 line 02",ITEM-002,2.0000,314.17,628.34,STANDARD_RATED,0.0900,56.55,684.89,SGD
1.0,smoke-v1-seed-20260731,ERP_ONE,invoice-000034,SUP-004,INV-202607-000034,INVOICE,2026-07-05,2026-07-07,2026-07-01,2026-08-01,SGD,1748.10,157.32,1905.42,1,"Synthetic service, invoice 000034 line 01",ITEM-001,3.0000,365.35,1096.05,STANDARD_RATED,0.0900,98.64,1194.69,SGD
1.0,smoke-v1-seed-20260731,ERP_ONE,invoice-000034,SUP-004,INV-202607-000034,INVOICE,2026-07-05,2026-07-07,2026-07-01,2026-08-01,SGD,1748.10,157.32,1905.42,2,"Synthetic service, invoice 000034 line 02",ITEM-002,1.0000,82.59,82.59,STANDARD_RATED,0.0900,7.43,90.02,SGD
1.0,smoke-v1-seed-20260731,ERP_ONE,invoice-000034,SUP-004,INV-202607-000034,INVOICE,2026-07-05,2026-07-07,2026-07-01,2026-08-01,SGD,1748.10,157.32,1905.42,3,"Synthetic service, invoice 000034 line 03",ITEM-003,3.0000,189.82,569.46,STANDARD_RATED,0.0900,51.25,620.71,SGD
1.0,smoke-v1-seed-20260731,ERP_ONE,invoice-000035,SUP-005,INV-202607-000035,INVOICE,2026-07-13,2026-07-15,2026-07-01,2026-08-01,SGD,3434.84,309.13,3743.97,1,"Synthetic service, invoice 000035 line 01",ITEM-001,4.0000,275.87,1103.48,STANDARD_RATED,0.0900,99.31,1202.79,SGD
1.0,smoke-v1-seed-20260731,ERP_ONE,invoice-000035,SUP-005,INV-202607-000035,INVOICE,2026-07-13,2026-07-15,2026-07-01,2026-08-01,SGD,3434.84,309.13,3743.97,2,"Synthetic service, invoice 000035 line 02",ITEM-002,2.0000,184.36,368.72,STANDARD_RATED,0.0900,33.18,401.90,SGD
1.0,smoke-v1-seed-20260731,ERP_ONE,invoice-000035,SUP-005,INV-202607-000035,INVOICE,2026-07-13,2026-07-15,2026-07-01,2026-08-01,SGD,3434.84,309.13,3743.97,3,"Synthetic service, invoice 000035 line 03",ITEM-003,4.0000,490.66,1962.64,STANDARD_RATED,0.0900,176.64,2139.28,SGD
1.0,smoke-v1-seed-20260731,ERP_ONE,invoice-000036,SUP-006,INV-202607-000036,INVOICE,2026-07-21,2026-07-21,2026-07-01,2026-08-01,SGD,1228.86,110.59,1339.45,1,"Synthetic service, invoice 000036 line 01",ITEM-001,2.0000,436.36,872.72,STANDARD_RATED,0.0900,78.54,951.26,SGD
1.0,smoke-v1-seed-20260731,ERP_ONE,invoice-000036,SUP-006,INV-202607-000036,INVOICE,2026-07-21,2026-07-21,2026-07-01,2026-08-01,SGD,1228.86,110.59,1339.45,2,"Synthetic service, invoice 000036 line 02",ITEM-002,2.0000,178.07,356.14,STANDARD_RATED,0.0900,32.05,388.19,SGD
1.0,smoke-v1-seed-20260731,ERP_ONE,invoice-000037,SUP-007,INV-202607-000037,INVOICE,2026-07-03,2026-07-05,2026-07-01,2026-08-01,SGD,685.42,61.69,747.11,1,"Synthetic service, invoice 000037 line 01",ITEM-001,2.0000,342.71,685.42,STANDARD_RATED,0.0900,61.69,747.11,SGD
1.0,smoke-v1-seed-20260731,ERP_ONE,invoice-000038,SUP-008,INV-202607-000038,INVOICE,2026-07-18,2026-07-19,2026-07-01,2026-08-01,SGD,2605.06,234.45,2839.51,1,"Synthetic service, invoice 000038 line 01",ITEM-001,2.0000,85.73,171.46,STANDARD_RATED,0.0900,15.43,186.89,SGD
1.0,smoke-v1-seed-20260731,ERP_ONE,invoice-000038,SUP-008,INV-202607-000038,INVOICE,2026-07-18,2026-07-19,2026-07-01,2026-08-01,SGD,2605.06,234.45,2839.51,2,"Synthetic service, invoice 000038 line 02",ITEM-002,5.0000,486.72,2433.60,STANDARD_RATED,0.0900,219.02,2652.62,SGD
1.0,smoke-v1-seed-20260731,ERP_ONE,invoice-000039,SUP-009,INV-202607-000039,INVOICE,2026-07-15,2026-07-17,2026-07-01,2026-08-01,SGD,3160.31,284.43,3444.74,1,"Synthetic service, invoice 000039 line 01",ITEM-001,4.0000,116.14,464.56,STANDARD_RATED,0.0900,41.81,506.37,SGD
1.0,smoke-v1-seed-20260731,ERP_ONE,invoice-000039,SUP-009,INV-202607-000039,INVOICE,2026-07-15,2026-07-17,2026-07-01,2026-08-01,SGD,3160.31,284.43,3444.74,2,"Synthetic service, invoice 000039 line 02",ITEM-002,5.0000,61.46,307.30,STANDARD_RATED,0.0900,27.66,334.96,SGD
1.0,smoke-v1-seed-20260731,ERP_ONE,invoice-000039,SUP-009,INV-202607-000039,INVOICE,2026-07-15,2026-07-17,2026-07-01,2026-08-01,SGD,3160.31,284.43,3444.74,3,"Synthetic service, invoice 000039 line 03",ITEM-003,5.0000,477.69,2388.45,STANDARD_RATED,0.0900,214.96,2603.41,SGD
1.0,smoke-v1-seed-20260731,ERP_ONE,invoice-000040,SUP-010,INV-202607-000040,INVOICE,2026-07-14,2026-07-15,2026-07-01,2026-08-01,SGD,1273.80,114.64,1388.44,1,"Synthetic service, invoice 000040 line 01",ITEM-001,5.0000,78.54,392.70,STANDARD_RATED,0.0900,35.34,428.04,SGD
1.0,smoke-v1-seed-20260731,ERP_ONE,invoice-000040,SUP-010,INV-202607-000040,INVOICE,2026-07-14,2026-07-15,2026-07-01,2026-08-01,SGD,1273.80,114.64,1388.44,2,"Synthetic service, invoice 000040 line 02",ITEM-002,2.0000,440.55,881.10,STANDARD_RATED,0.0900,79.30,960.40,SGD
1.0,smoke-v1-seed-20260731,ERP_ONE,invoice-000041,SUP-001,INV-202607-000041,INVOICE,2026-07-09,2026-07-09,2026-07-01,2026-08-01,SGD,318.99,28.71,347.70,1,"Synthetic service, invoice 000041 line 01",ITEM-001,1.0000,34.90,34.90,STANDARD_RATED,0.0900,3.14,38.04,SGD
1.0,smoke-v1-seed-20260731,ERP_ONE,invoice-000041,SUP-001,INV-202607-000041,INVOICE,2026-07-09,2026-07-09,2026-07-01,2026-08-01,SGD,318.99,28.71,347.70,2,"Synthetic service, invoice 000041 line 02",ITEM-002,1.0000,284.09,284.09,STANDARD_RATED,0.0900,25.57,309.66,SGD
1.0,smoke-v1-seed-20260731,ERP_ONE,invoice-000042,SUP-002,INV-202607-000042,INVOICE,2026-07-08,2026-07-09,2026-07-01,2026-08-01,SGD,1878.84,169.10,2047.94,1,"Synthetic service, invoice 000042 line 01",ITEM-001,1.0000,61.36,61.36,STANDARD_RATED,0.0900,5.52,66.88,SGD
1.0,smoke-v1-seed-20260731,ERP_ONE,invoice-000042,SUP-002,INV-202607-000042,INVOICE,2026-07-08,2026-07-09,2026-07-01,2026-08-01,SGD,1878.84,169.10,2047.94,2,"Synthetic service, invoice 000042 line 02",ITEM-002,3.0000,294.21,882.63,STANDARD_RATED,0.0900,79.44,962.07,SGD
1.0,smoke-v1-seed-20260731,ERP_ONE,invoice-000042,SUP-002,INV-202607-000042,INVOICE,2026-07-08,2026-07-09,2026-07-01,2026-08-01,SGD,1878.84,169.10,2047.94,3,"Synthetic service, invoice 000042 line 03",ITEM-003,5.0000,186.97,934.85,STANDARD_RATED,0.0900,84.14,1018.99,SGD
1.0,smoke-v1-seed-20260731,ERP_ONE,invoice-000043,SUP-003,INV-202607-000043,INVOICE,2026-07-07,2026-07-09,2026-07-01,2026-08-01,SGD,1494.74,134.53,1629.27,1,"Synthetic service, invoice 000043 line 01",ITEM-001,2.0000,222.15,444.30,STANDARD_RATED,0.0900,39.99,484.29,SGD
1.0,smoke-v1-seed-20260731,ERP_ONE,invoice-000043,SUP-003,INV-202607-000043,INVOICE,2026-07-07,2026-07-09,2026-07-01,2026-08-01,SGD,1494.74,134.53,1629.27,2,"Synthetic service, invoice 000043 line 02",ITEM-002,2.0000,190.44,380.88,STANDARD_RATED,0.0900,34.28,415.16,SGD
1.0,smoke-v1-seed-20260731,ERP_ONE,invoice-000043,SUP-003,INV-202607-000043,INVOICE,2026-07-07,2026-07-09,2026-07-01,2026-08-01,SGD,1494.74,134.53,1629.27,3,"Synthetic service, invoice 000043 line 03",ITEM-003,4.0000,167.39,669.56,STANDARD_RATED,0.0900,60.26,729.82,SGD
1.0,smoke-v1-seed-20260731,ERP_ONE,invoice-000044,SUP-004,INV-202607-000044,INVOICE,2026-07-05,2026-07-05,2026-07-01,2026-08-01,SGD,391.40,35.22,426.62,1,"Synthetic service, invoice 000044 line 01",ITEM-001,4.0000,51.29,205.16,STANDARD_RATED,0.0900,18.46,223.62,SGD
1.0,smoke-v1-seed-20260731,ERP_ONE,invoice-000044,SUP-004,INV-202607-000044,INVOICE,2026-07-05,2026-07-05,2026-07-01,2026-08-01,SGD,391.40,35.22,426.62,2,"Synthetic service, invoice 000044 line 02",ITEM-002,1.0000,186.24,186.24,STANDARD_RATED,0.0900,16.76,203.00,SGD
1.0,smoke-v1-seed-20260731,ERP_ONE,invoice-000045,SUP-005,INV-202607-000045,INVOICE,2026-07-16,2026-07-16,2026-07-01,2026-08-01,SGD,410.91,36.98,447.89,1,"Synthetic service, invoice 000045 line 01",ITEM-001,1.0000,410.91,410.91,STANDARD_RATED,0.0900,36.98,447.89,SGD
1.0,smoke-v1-seed-20260731,ERP_ONE,invoice-000046,SUP-006,INV-202607-000046,INVOICE,2026-07-11,2026-07-13,2026-07-01,2026-08-01,SGD,434.39,39.10,473.49,1,"Synthetic service, invoice 000046 line 01",ITEM-001,1.0000,434.39,434.39,STANDARD_RATED,0.0900,39.10,473.49,SGD
1.0,smoke-v1-seed-20260731,ERP_ONE,invoice-000047,SUP-007,INV-202607-000047,INVOICE,2026-07-12,2026-07-12,2026-07-01,2026-08-01,SGD,798.14,71.84,869.98,1,"Synthetic service, invoice 000047 line 01",ITEM-001,3.0000,211.73,635.19,STANDARD_RATED,0.0900,57.17,692.36,SGD
1.0,smoke-v1-seed-20260731,ERP_ONE,invoice-000047,SUP-007,INV-202607-000047,INVOICE,2026-07-12,2026-07-12,2026-07-01,2026-08-01,SGD,798.14,71.84,869.98,2,"Synthetic service, invoice 000047 line 02",ITEM-002,5.0000,32.59,162.95,STANDARD_RATED,0.0900,14.67,177.62,SGD
1.0,smoke-v1-seed-20260731,ERP_ONE,invoice-000048,SUP-008,INV-202607-000048,INVOICE,2026-07-12,2026-07-13,2026-07-01,2026-08-01,SGD,3501.85,315.17,3817.02,1,"Synthetic service, invoice 000048 line 01",ITEM-001,5.0000,390.31,1951.55,STANDARD_RATED,0.0900,175.64,2127.19,SGD
1.0,smoke-v1-seed-20260731,ERP_ONE,invoice-000048,SUP-008,INV-202607-000048,INVOICE,2026-07-12,2026-07-13,2026-07-01,2026-08-01,SGD,3501.85,315.17,3817.02,2,"Synthetic service, invoice 000048 line 02",ITEM-002,5.0000,56.56,282.80,STANDARD_RATED,0.0900,25.45,308.25,SGD
1.0,smoke-v1-seed-20260731,ERP_ONE,invoice-000048,SUP-008,INV-202607-000048,INVOICE,2026-07-12,2026-07-13,2026-07-01,2026-08-01,SGD,3501.85,315.17,3817.02,3,"Synthetic service, invoice 000048 line 03",ITEM-003,5.0000,253.50,1267.50,STANDARD_RATED,0.0900,114.08,1381.58,SGD
1.0,smoke-v1-seed-20260731,ERP_ONE,invoice-000049,SUP-009,INV-202607-000049,INVOICE,2026-07-14,2026-07-16,2026-07-01,2026-08-01,SGD,630.09,56.71,686.80,1,"Synthetic service, invoice 000049 line 01",ITEM-001,3.0000,210.03,630.09,STANDARD_RATED,0.0900,56.71,686.80,SGD
1.0,smoke-v1-seed-20260731,ERP_ONE,invoice-000050,SUP-010,INV-202607-000050,INVOICE,2026-07-04,2026-07-05,2026-07-01,2026-08-01,SGD,3006.16,270.56,3276.72,1,"Synthetic service, invoice 000050 line 01",ITEM-001,4.0000,471.48,1885.92,STANDARD_RATED,0.0900,169.73,2055.65,SGD
1.0,smoke-v1-seed-20260731,ERP_ONE,invoice-000050,SUP-010,INV-202607-000050,INVOICE,2026-07-04,2026-07-05,2026-07-01,2026-08-01,SGD,3006.16,270.56,3276.72,2,"Synthetic service, invoice 000050 line 02",ITEM-002,2.0000,205.37,410.74,STANDARD_RATED,0.0900,36.97,447.71,SGD
1.0,smoke-v1-seed-20260731,ERP_ONE,invoice-000050,SUP-010,INV-202607-000050,INVOICE,2026-07-04,2026-07-05,2026-07-01,2026-08-01,SGD,3006.16,270.56,3276.72,3,"Synthetic service, invoice 000050 line 03",ITEM-003,2.0000,354.75,709.50,STANDARD_RATED,0.0900,63.86,773.36,SGD
1.0,smoke-v1-seed-20260731,ERP_ONE,invoice-000051,SUP-001,INV-202607-000051,INVOICE,2026-07-03,2026-07-04,2026-07-01,2026-08-01,SGD,485.43,43.69,529.12,1,"Synthetic service, invoice 000051 line 01",ITEM-001,3.0000,115.27,345.81,STANDARD_RATED,0.0900,31.12,376.93,SGD
1.0,smoke-v1-seed-20260731,ERP_ONE,invoice-000051,SUP-001,INV-202607-000051,INVOICE,2026-07-03,2026-07-04,2026-07-01,2026-08-01,SGD,485.43,43.69,529.12,2,"Synthetic service, invoice 000051 line 02",ITEM-002,1.0000,118.66,118.66,STANDARD_RATED,0.0900,10.68,129.34,SGD
1.0,smoke-v1-seed-20260731,ERP_ONE,invoice-000051,SUP-001,INV-202607-000051,INVOICE,2026-07-03,2026-07-04,2026-07-01,2026-08-01,SGD,485.43,43.69,529.12,3,"Synthetic service, invoice 000051 line 03",ITEM-003,1.0000,20.96,20.96,STANDARD_RATED,0.0900,1.89,22.85,SGD
1.0,smoke-v1-seed-20260731,ERP_ONE,invoice-000052,SUP-002,INV-202607-000052,INVOICE,2026-07-15,2026-07-15,2026-07-01,2026-08-01,SGD,2456.36,221.08,2677.44,1,"Synthetic service, invoice 000052 line 01",ITEM-001,4.0000,408.35,1633.40,STANDARD_RATED,0.0900,147.01,1780.41,SGD
1.0,smoke-v1-seed-20260731,ERP_ONE,invoice-000052,SUP-002,INV-202607-000052,INVOICE,2026-07-15,2026-07-15,2026-07-01,2026-08-01,SGD,2456.36,221.08,2677.44,2,"Synthetic service, invoice 000052 line 02",ITEM-002,4.0000,205.74,822.96,STANDARD_RATED,0.0900,74.07,897.03,SGD
1.0,smoke-v1-seed-20260731,ERP_ONE,invoice-000053,SUP-003,INV-202607-000053,INVOICE,2026-07-26,2026-07-27,2026-07-01,2026-08-01,SGD,3316.12,298.45,3614.57,1,"Synthetic service, invoice 000053 line 01",ITEM-001,4.0000,181.40,725.60,STANDARD_RATED,0.0900,65.30,790.90,SGD
1.0,smoke-v1-seed-20260731,ERP_ONE,invoice-000053,SUP-003,INV-202607-000053,INVOICE,2026-07-26,2026-07-27,2026-07-01,2026-08-01,SGD,3316.12,298.45,3614.57,2,"Synthetic service, invoice 000053 line 02",ITEM-002,4.0000,424.22,1696.88,STANDARD_RATED,0.0900,152.72,1849.60,SGD
1.0,smoke-v1-seed-20260731,ERP_ONE,invoice-000053,SUP-003,INV-202607-000053,INVOICE,2026-07-26,2026-07-27,2026-07-01,2026-08-01,SGD,3316.12,298.45,3614.57,3,"Synthetic service, invoice 000053 line 03",ITEM-003,4.0000,223.41,893.64,STANDARD_RATED,0.0900,80.43,974.07,SGD
1.0,smoke-v1-seed-20260731,ERP_ONE,invoice-000054,SUP-004,INV-202607-000054,INVOICE,2026-07-18,2026-07-19,2026-07-01,2026-08-01,SGD,221.30,19.92,241.22,1,"Synthetic service, invoice 000054 line 01",ITEM-001,1.0000,221.30,221.30,STANDARD_RATED,0.0900,19.92,241.22,SGD
1.0,smoke-v1-seed-20260731,ERP_ONE,invoice-000055,SUP-005,INV-202607-000055,INVOICE,2026-07-21,2026-07-21,2026-07-01,2026-08-01,SGD,91.50,8.24,99.74,1,"Synthetic service, invoice 000055 line 01",ITEM-001,2.0000,45.75,91.50,STANDARD_RATED,0.0900,8.24,99.74,SGD
1.0,smoke-v1-seed-20260731,ERP_ONE,invoice-000056,SUP-006,INV-202607-000056,INVOICE,2026-07-17,2026-07-17,2026-07-01,2026-08-01,SGD,505.64,45.51,551.15,1,"Synthetic service, invoice 000056 line 01",ITEM-001,4.0000,126.41,505.64,STANDARD_RATED,0.0900,45.51,551.15,SGD
1.0,smoke-v1-seed-20260731,ERP_ONE,invoice-000057,SUP-007,INV-202607-000057,INVOICE,2026-07-22,2026-07-22,2026-07-01,2026-08-01,SGD,1724.00,155.16,1879.16,1,"Synthetic service, invoice 000057 line 01",ITEM-001,5.0000,344.80,1724.00,STANDARD_RATED,0.0900,155.16,1879.16,SGD
1.0,smoke-v1-seed-20260731,ERP_ONE,invoice-000058,SUP-008,INV-202607-000058,INVOICE,2026-07-16,2026-07-16,2026-07-01,2026-08-01,SGD,1338.56,120.47,1459.03,1,"Synthetic service, invoice 000058 line 01",ITEM-001,4.0000,334.64,1338.56,STANDARD_RATED,0.0900,120.47,1459.03,SGD
1.0,smoke-v1-seed-20260731,ERP_ONE,invoice-000059,SUP-009,INV-202607-000059,INVOICE,2026-07-09,2026-07-11,2026-07-01,2026-08-01,SGD,1610.00,144.90,1754.90,1,"Synthetic service, invoice 000059 line 01",ITEM-001,4.0000,402.50,1610.00,STANDARD_RATED,0.0900,144.90,1754.90,SGD
1.0,smoke-v1-seed-20260731,ERP_ONE,invoice-000060,SUP-010,INV-202607-000060,INVOICE,2026-07-02,2026-07-04,2026-07-01,2026-08-01,SGD,968.83,87.19,1056.02,1,"Synthetic service, invoice 000060 line 01",ITEM-001,4.0000,198.48,793.92,STANDARD_RATED,0.0900,71.45,865.37,SGD
1.0,smoke-v1-seed-20260731,ERP_ONE,invoice-000060,SUP-010,INV-202607-000060,INVOICE,2026-07-02,2026-07-04,2026-07-01,2026-08-01,SGD,968.83,87.19,1056.02,2,"Synthetic service, invoice 000060 line 02",ITEM-002,1.0000,174.91,174.91,STANDARD_RATED,0.0900,15.74,190.65,SGD
1.0,smoke-v1-seed-20260731,ERP_ONE,invoice-000061,SUP-001,INV-202607-000061,INVOICE,2026-07-15,2026-07-16,2026-07-01,2026-08-01,SGD,2101.25,189.10,2290.35,1,"Synthetic service, invoice 000061 line 01",ITEM-001,2.0000,33.85,67.70,STANDARD_RATED,0.0900,6.09,73.79,SGD
1.0,smoke-v1-seed-20260731,ERP_ONE,invoice-000061,SUP-001,INV-202607-000061,INVOICE,2026-07-15,2026-07-16,2026-07-01,2026-08-01,SGD,2101.25,189.10,2290.35,2,"Synthetic service, invoice 000061 line 02",ITEM-002,3.0000,398.24,1194.72,STANDARD_RATED,0.0900,107.52,1302.24,SGD
1.0,smoke-v1-seed-20260731,ERP_ONE,invoice-000061,SUP-001,INV-202607-000061,INVOICE,2026-07-15,2026-07-16,2026-07-01,2026-08-01,SGD,2101.25,189.10,2290.35,3,"Synthetic service, invoice 000061 line 03",ITEM-003,3.0000,279.61,838.83,STANDARD_RATED,0.0900,75.49,914.32,SGD
1.0,smoke-v1-seed-20260731,ERP_ONE,invoice-000062,SUP-002,INV-202607-000062,INVOICE,2026-07-15,2026-07-15,2026-07-01,2026-08-01,SGD,278.92,25.10,304.02,1,"Synthetic service, invoice 000062 line 01",ITEM-001,4.0000,69.73,278.92,STANDARD_RATED,0.0900,25.10,304.02,SGD
1.0,smoke-v1-seed-20260731,ERP_ONE,invoice-000063,SUP-003,INV-202607-000063,INVOICE,2026-07-20,2026-07-22,2026-07-01,2026-08-01,SGD,184.02,16.56,200.58,1,"Synthetic service, invoice 000063 line 01",ITEM-001,2.0000,92.01,184.02,STANDARD_RATED,0.0900,16.56,200.58,SGD
1.0,smoke-v1-seed-20260731,ERP_ONE,invoice-000064,SUP-004,INV-202607-000064,INVOICE,2026-07-20,2026-07-21,2026-07-01,2026-08-01,SGD,1018.89,91.70,1110.59,1,"Synthetic service, invoice 000064 line 01",ITEM-001,2.0000,72.40,144.80,STANDARD_RATED,0.0900,13.03,157.83,SGD
1.0,smoke-v1-seed-20260731,ERP_ONE,invoice-000064,SUP-004,INV-202607-000064,INVOICE,2026-07-20,2026-07-21,2026-07-01,2026-08-01,SGD,1018.89,91.70,1110.59,2,"Synthetic service, invoice 000064 line 02",ITEM-002,1.0000,69.03,69.03,STANDARD_RATED,0.0900,6.21,75.24,SGD
1.0,smoke-v1-seed-20260731,ERP_ONE,invoice-000064,SUP-004,INV-202607-000064,INVOICE,2026-07-20,2026-07-21,2026-07-01,2026-08-01,SGD,1018.89,91.70,1110.59,3,"Synthetic service, invoice 000064 line 03",ITEM-003,2.0000,402.53,805.06,STANDARD_RATED,0.0900,72.46,877.52,SGD
1.0,smoke-v1-seed-20260731,ERP_ONE,invoice-000065,SUP-005,INV-202607-000065,INVOICE,2026-07-07,2026-07-08,2026-07-01,2026-08-01,SGD,2145.23,193.07,2338.30,1,"Synthetic service, invoice 000065 line 01",ITEM-001,1.0000,360.11,360.11,STANDARD_RATED,0.0900,32.41,392.52,SGD
1.0,smoke-v1-seed-20260731,ERP_ONE,invoice-000065,SUP-005,INV-202607-000065,INVOICE,2026-07-07,2026-07-08,2026-07-01,2026-08-01,SGD,2145.23,193.07,2338.30,2,"Synthetic service, invoice 000065 line 02",ITEM-002,2.0000,414.63,829.26,STANDARD_RATED,0.0900,74.63,903.89,SGD
1.0,smoke-v1-seed-20260731,ERP_ONE,invoice-000065,SUP-005,INV-202607-000065,INVOICE,2026-07-07,2026-07-08,2026-07-01,2026-08-01,SGD,2145.23,193.07,2338.30,3,"Synthetic service, invoice 000065 line 03",ITEM-003,3.0000,318.62,955.86,STANDARD_RATED,0.0900,86.03,1041.89,SGD
1.0,smoke-v1-seed-20260731,ERP_ONE,invoice-000066,SUP-006,INV-202607-000066,INVOICE,2026-07-08,2026-07-09,2026-07-01,2026-08-01,SGD,1029.42,92.65,1122.07,1,"Synthetic service, invoice 000066 line 01",ITEM-001,1.0000,373.52,373.52,STANDARD_RATED,0.0900,33.62,407.14,SGD
1.0,smoke-v1-seed-20260731,ERP_ONE,invoice-000066,SUP-006,INV-202607-000066,INVOICE,2026-07-08,2026-07-09,2026-07-01,2026-08-01,SGD,1029.42,92.65,1122.07,2,"Synthetic service, invoice 000066 line 02",ITEM-002,5.0000,131.18,655.90,STANDARD_RATED,0.0900,59.03,714.93,SGD
1.0,smoke-v1-seed-20260731,ERP_ONE,invoice-000067,SUP-007,INV-202607-000067,INVOICE,2026-07-08,2026-07-10,2026-07-01,2026-08-01,SGD,2076.56,186.89,2263.45,1,"Synthetic service, invoice 000067 line 01",ITEM-001,4.0000,213.65,854.60,STANDARD_RATED,0.0900,76.91,931.51,SGD
1.0,smoke-v1-seed-20260731,ERP_ONE,invoice-000067,SUP-007,INV-202607-000067,INVOICE,2026-07-08,2026-07-10,2026-07-01,2026-08-01,SGD,2076.56,186.89,2263.45,2,"Synthetic service, invoice 000067 line 02",ITEM-002,3.0000,407.32,1221.96,STANDARD_RATED,0.0900,109.98,1331.94,SGD
1.0,smoke-v1-seed-20260731,ERP_ONE,invoice-000068,SUP-008,INV-202607-000068,INVOICE,2026-07-27,2026-07-28,2026-07-01,2026-08-01,SGD,1793.22,161.39,1954.61,1,"Synthetic service, invoice 000068 line 01",ITEM-001,1.0000,422.44,422.44,STANDARD_RATED,0.0900,38.02,460.46,SGD
1.0,smoke-v1-seed-20260731,ERP_ONE,invoice-000068,SUP-008,INV-202607-000068,INVOICE,2026-07-27,2026-07-28,2026-07-01,2026-08-01,SGD,1793.22,161.39,1954.61,2,"Synthetic service, invoice 000068 line 02",ITEM-002,4.0000,151.38,605.52,STANDARD_RATED,0.0900,54.50,660.02,SGD
1.0,smoke-v1-seed-20260731,ERP_ONE,invoice-000068,SUP-008,INV-202607-000068,INVOICE,2026-07-27,2026-07-28,2026-07-01,2026-08-01,SGD,1793.22,161.39,1954.61,3,"Synthetic service, invoice 000068 line 03",ITEM-003,2.0000,382.63,765.26,STANDARD_RATED,0.0900,68.87,834.13,SGD
1.0,smoke-v1-seed-20260731,ERP_ONE,invoice-000069,SUP-009,INV-202607-000069,INVOICE,2026-07-19,2026-07-20,2026-07-01,2026-08-01,SGD,379.47,34.15,413.62,1,"Synthetic service, invoice 000069 line 01",ITEM-001,3.0000,126.49,379.47,STANDARD_RATED,0.0900,34.15,413.62,SGD
1.0,smoke-v1-seed-20260731,ERP_ONE,invoice-000070,SUP-010,INV-202607-000070,INVOICE,2026-07-25,2026-07-25,2026-07-01,2026-08-01,SGD,318.25,28.64,346.89,1,"Synthetic service, invoice 000070 line 01",ITEM-001,5.0000,63.65,318.25,STANDARD_RATED,0.0900,28.64,346.89,SGD
1.0,smoke-v1-seed-20260731,ERP_ONE,invoice-000071,SUP-001,INV-202607-000071,INVOICE,2026-07-29,2026-07-31,2026-07-01,2026-08-01,SGD,612.82,55.15,667.97,1,"Synthetic service, invoice 000071 line 01",ITEM-001,2.0000,283.79,567.58,STANDARD_RATED,0.0900,51.08,618.66,SGD
1.0,smoke-v1-seed-20260731,ERP_ONE,invoice-000071,SUP-001,INV-202607-000071,INVOICE,2026-07-29,2026-07-31,2026-07-01,2026-08-01,SGD,612.82,55.15,667.97,2,"Synthetic service, invoice 000071 line 02",ITEM-002,4.0000,11.31,45.24,STANDARD_RATED,0.0900,4.07,49.31,SGD
1.0,smoke-v1-seed-20260731,ERP_ONE,invoice-000072,SUP-002,INV-202607-000072,INVOICE,2026-07-18,2026-07-19,2026-07-01,2026-08-01,SGD,1741.80,156.76,1898.56,1,"Synthetic service, invoice 000072 line 01",ITEM-001,3.0000,368.57,1105.71,STANDARD_RATED,0.0900,99.51,1205.22,SGD
1.0,smoke-v1-seed-20260731,ERP_ONE,invoice-000072,SUP-002,INV-202607-000072,INVOICE,2026-07-18,2026-07-19,2026-07-01,2026-08-01,SGD,1741.80,156.76,1898.56,2,"Synthetic service, invoice 000072 line 02",ITEM-002,3.0000,212.03,636.09,STANDARD_RATED,0.0900,57.25,693.34,SGD
1.0,smoke-v1-seed-20260731,ERP_ONE,invoice-000073,SUP-003,INV-202607-000073,INVOICE,2026-07-26,2026-07-26,2026-07-01,2026-08-01,SGD,4816.93,433.53,5250.46,1,"Synthetic service, invoice 000073 line 01",ITEM-001,5.0000,456.55,2282.75,STANDARD_RATED,0.0900,205.45,2488.20,SGD
1.0,smoke-v1-seed-20260731,ERP_ONE,invoice-000073,SUP-003,INV-202607-000073,INVOICE,2026-07-26,2026-07-26,2026-07-01,2026-08-01,SGD,4816.93,433.53,5250.46,2,"Synthetic service, invoice 000073 line 02",ITEM-002,5.0000,497.70,2488.50,STANDARD_RATED,0.0900,223.97,2712.47,SGD
1.0,smoke-v1-seed-20260731,ERP_ONE,invoice-000073,SUP-003,INV-202607-000073,INVOICE,2026-07-26,2026-07-26,2026-07-01,2026-08-01,SGD,4816.93,433.53,5250.46,3,"Synthetic service, invoice 000073 line 03",ITEM-003,1.0000,45.68,45.68,STANDARD_RATED,0.0900,4.11,49.79,SGD
1.0,smoke-v1-seed-20260731,ERP_ONE,invoice-000074,SUP-004,INV-202607-000074,INVOICE,2026-07-26,2026-07-28,2026-07-01,2026-08-01,SGD,617.24,55.55,672.79,1,"Synthetic service, invoice 000074 line 01",ITEM-001,2.0000,308.62,617.24,STANDARD_RATED,0.0900,55.55,672.79,SGD
1.0,smoke-v1-seed-20260731,ERP_ONE,invoice-000075,SUP-005,INV-202607-000075,INVOICE,2026-07-11,2026-07-11,2026-07-01,2026-08-01,SGD,1985.62,178.70,2164.32,1,"Synthetic service, invoice 000075 line 01",ITEM-001,1.0000,125.37,125.37,STANDARD_RATED,0.0900,11.28,136.65,SGD
1.0,smoke-v1-seed-20260731,ERP_ONE,invoice-000075,SUP-005,INV-202607-000075,INVOICE,2026-07-11,2026-07-11,2026-07-01,2026-08-01,SGD,1985.62,178.70,2164.32,2,"Synthetic service, invoice 000075 line 02",ITEM-002,3.0000,447.19,1341.57,STANDARD_RATED,0.0900,120.74,1462.31,SGD
1.0,smoke-v1-seed-20260731,ERP_ONE,invoice-000075,SUP-005,INV-202607-000075,INVOICE,2026-07-11,2026-07-11,2026-07-01,2026-08-01,SGD,1985.62,178.70,2164.32,3,"Synthetic service, invoice 000075 line 03",ITEM-003,2.0000,259.34,518.68,STANDARD_RATED,0.0900,46.68,565.36,SGD
1.0,smoke-v1-seed-20260731,ERP_ONE,invoice-000076,SUP-006,INV-202607-000076,INVOICE,2026-07-05,2026-07-06,2026-07-01,2026-08-01,SGD,31.19,2.81,34.00,1,"Synthetic service, invoice 000076 line 01",ITEM-001,1.0000,31.19,31.19,STANDARD_RATED,0.0900,2.81,34.00,SGD
1.0,smoke-v1-seed-20260731,ERP_ONE,invoice-000077,SUP-007,INV-202607-000077,INVOICE,2026-07-09,2026-07-09,2026-07-01,2026-08-01,SGD,1968.40,177.16,2145.56,1,"Synthetic service, invoice 000077 line 01",ITEM-001,1.0000,229.53,229.53,STANDARD_RATED,0.0900,20.66,250.19,SGD
1.0,smoke-v1-seed-20260731,ERP_ONE,invoice-000077,SUP-007,INV-202607-000077,INVOICE,2026-07-09,2026-07-09,2026-07-01,2026-08-01,SGD,1968.40,177.16,2145.56,2,"Synthetic service, invoice 000077 line 02",ITEM-002,2.0000,438.20,876.40,STANDARD_RATED,0.0900,78.88,955.28,SGD
1.0,smoke-v1-seed-20260731,ERP_ONE,invoice-000077,SUP-007,INV-202607-000077,INVOICE,2026-07-09,2026-07-09,2026-07-01,2026-08-01,SGD,1968.40,177.16,2145.56,3,"Synthetic service, invoice 000077 line 03",ITEM-003,3.0000,287.49,862.47,STANDARD_RATED,0.0900,77.62,940.09,SGD
1.0,smoke-v1-seed-20260731,ERP_ONE,invoice-000078,SUP-008,INV-202607-000078,INVOICE,2026-07-11,2026-07-13,2026-07-01,2026-08-01,SGD,768.45,69.16,837.61,1,"Synthetic service, invoice 000078 line 01",ITEM-001,2.0000,92.84,185.68,STANDARD_RATED,0.0900,16.71,202.39,SGD
1.0,smoke-v1-seed-20260731,ERP_ONE,invoice-000078,SUP-008,INV-202607-000078,INVOICE,2026-07-11,2026-07-13,2026-07-01,2026-08-01,SGD,768.45,69.16,837.61,2,"Synthetic service, invoice 000078 line 02",ITEM-002,5.0000,64.85,324.25,STANDARD_RATED,0.0900,29.18,353.43,SGD
1.0,smoke-v1-seed-20260731,ERP_ONE,invoice-000078,SUP-008,INV-202607-000078,INVOICE,2026-07-11,2026-07-13,2026-07-01,2026-08-01,SGD,768.45,69.16,837.61,3,"Synthetic service, invoice 000078 line 03",ITEM-003,2.0000,129.26,258.52,STANDARD_RATED,0.0900,23.27,281.79,SGD
1.0,smoke-v1-seed-20260731,ERP_ONE,invoice-000079,SUP-009,INV-202607-000079,INVOICE,2026-07-22,2026-07-22,2026-07-01,2026-08-01,SGD,1154.66,103.92,1258.58,1,"Synthetic service, invoice 000079 line 01",ITEM-001,2.0000,387.70,775.40,STANDARD_RATED,0.0900,69.79,845.19,SGD
1.0,smoke-v1-seed-20260731,ERP_ONE,invoice-000079,SUP-009,INV-202607-000079,INVOICE,2026-07-22,2026-07-22,2026-07-01,2026-08-01,SGD,1154.66,103.92,1258.58,2,"Synthetic service, invoice 000079 line 02",ITEM-002,4.0000,19.01,76.04,STANDARD_RATED,0.0900,6.84,82.88,SGD
1.0,smoke-v1-seed-20260731,ERP_ONE,invoice-000079,SUP-009,INV-202607-000079,INVOICE,2026-07-22,2026-07-22,2026-07-01,2026-08-01,SGD,1154.66,103.92,1258.58,3,"Synthetic service, invoice 000079 line 03",ITEM-003,2.0000,151.61,303.22,STANDARD_RATED,0.0900,27.29,330.51,SGD
1.0,smoke-v1-seed-20260731,ERP_ONE,invoice-000080,SUP-010,INV-202607-000080,INVOICE,2026-07-20,2026-07-22,2026-07-01,2026-08-01,SGD,510.70,45.97,556.67,1,"Synthetic service, invoice 000080 line 01",ITEM-001,1.0000,30.52,30.52,STANDARD_RATED,0.0900,2.75,33.27,SGD
1.0,smoke-v1-seed-20260731,ERP_ONE,invoice-000080,SUP-010,INV-202607-000080,INVOICE,2026-07-20,2026-07-22,2026-07-01,2026-08-01,SGD,510.70,45.97,556.67,2,"Synthetic service, invoice 000080 line 02",ITEM-002,1.0000,480.18,480.18,STANDARD_RATED,0.0900,43.22,523.40,SGD
1.0,smoke-v1-seed-20260731,ERP_ONE,invoice-000081,SUP-001,INV-202607-000081,INVOICE,2026-07-29,2026-07-30,2026-07-01,2026-08-01,SGD,1529.79,137.68,1667.47,1,"Synthetic service, invoice 000081 line 01",ITEM-001,4.0000,226.14,904.56,STANDARD_RATED,0.0900,81.41,985.97,SGD
1.0,smoke-v1-seed-20260731,ERP_ONE,invoice-000081,SUP-001,INV-202607-000081,INVOICE,2026-07-29,2026-07-30,2026-07-01,2026-08-01,SGD,1529.79,137.68,1667.47,2,"Synthetic service, invoice 000081 line 02",ITEM-002,1.0000,172.93,172.93,STANDARD_RATED,0.0900,15.56,188.49,SGD
1.0,smoke-v1-seed-20260731,ERP_ONE,invoice-000081,SUP-001,INV-202607-000081,INVOICE,2026-07-29,2026-07-30,2026-07-01,2026-08-01,SGD,1529.79,137.68,1667.47,3,"Synthetic service, invoice 000081 line 03",ITEM-003,1.0000,452.30,452.30,STANDARD_RATED,0.0900,40.71,493.01,SGD
1.0,smoke-v1-seed-20260731,ERP_ONE,invoice-000082,SUP-002,INV-202607-000082,INVOICE,2026-07-28,2026-07-29,2026-07-01,2026-08-01,SGD,118.64,10.68,129.32,1,"Synthetic service, invoice 000082 line 01",ITEM-001,1.0000,118.64,118.64,STANDARD_RATED,0.0900,10.68,129.32,SGD
1.0,smoke-v1-seed-20260731,ERP_ONE,invoice-000083,SUP-003,INV-202607-000083,INVOICE,2026-07-14,2026-07-16,2026-07-01,2026-08-01,SGD,1135.95,102.24,1238.19,1,"Synthetic service, invoice 000083 line 01",ITEM-001,5.0000,227.19,1135.95,STANDARD_RATED,0.0900,102.24,1238.19,SGD
1.0,smoke-v1-seed-20260731,ERP_ONE,invoice-000084,SUP-004,INV-202607-000084,INVOICE,2026-07-20,2026-07-22,2026-07-01,2026-08-01,SGD,1218.99,109.71,1328.70,1,"Synthetic service, invoice 000084 line 01",ITEM-001,3.0000,406.33,1218.99,STANDARD_RATED,0.0900,109.71,1328.70,SGD
1.0,smoke-v1-seed-20260731,ERP_ONE,invoice-000085,SUP-005,INV-202607-000085,INVOICE,2026-07-20,2026-07-22,2026-07-01,2026-08-01,SGD,559.11,50.32,609.43,1,"Synthetic service, invoice 000085 line 01",ITEM-001,3.0000,186.37,559.11,STANDARD_RATED,0.0900,50.32,609.43,SGD
1.0,smoke-v1-seed-20260731,ERP_ONE,invoice-000086,SUP-006,INV-202607-000086,INVOICE,2026-07-18,2026-07-19,2026-07-01,2026-08-01,SGD,1915.22,172.37,2087.59,1,"Synthetic service, invoice 000086 line 01",ITEM-001,5.0000,354.49,1772.45,STANDARD_RATED,0.0900,159.52,1931.97,SGD
1.0,smoke-v1-seed-20260731,ERP_ONE,invoice-000086,SUP-006,INV-202607-000086,INVOICE,2026-07-18,2026-07-19,2026-07-01,2026-08-01,SGD,1915.22,172.37,2087.59,2,"Synthetic service, invoice 000086 line 02",ITEM-002,1.0000,142.77,142.77,STANDARD_RATED,0.0900,12.85,155.62,SGD
1.0,smoke-v1-seed-20260731,ERP_ONE,invoice-000087,SUP-007,INV-202607-000087,INVOICE,2026-07-15,2026-07-15,2026-07-01,2026-08-01,SGD,1452.21,130.70,1582.91,1,"Synthetic service, invoice 000087 line 01",ITEM-001,2.0000,136.93,273.86,STANDARD_RATED,0.0900,24.65,298.51,SGD
1.0,smoke-v1-seed-20260731,ERP_ONE,invoice-000087,SUP-007,INV-202607-000087,INVOICE,2026-07-15,2026-07-15,2026-07-01,2026-08-01,SGD,1452.21,130.70,1582.91,2,"Synthetic service, invoice 000087 line 02",ITEM-002,5.0000,235.67,1178.35,STANDARD_RATED,0.0900,106.05,1284.40,SGD
1.0,smoke-v1-seed-20260731,ERP_ONE,invoice-000088,SUP-008,INV-202607-000088,INVOICE,2026-07-20,2026-07-22,2026-07-01,2026-08-01,SGD,1018.26,91.65,1109.91,1,"Synthetic service, invoice 000088 line 01",ITEM-001,2.0000,64.88,129.76,STANDARD_RATED,0.0900,11.68,141.44,SGD
1.0,smoke-v1-seed-20260731,ERP_ONE,invoice-000088,SUP-008,INV-202607-000088,INVOICE,2026-07-20,2026-07-22,2026-07-01,2026-08-01,SGD,1018.26,91.65,1109.91,2,"Synthetic service, invoice 000088 line 02",ITEM-002,2.0000,444.25,888.50,STANDARD_RATED,0.0900,79.97,968.47,SGD
1.0,smoke-v1-seed-20260731,ERP_ONE,invoice-000089,SUP-009,INV-202607-000089,INVOICE,2026-07-28,2026-07-30,2026-07-01,2026-08-01,SGD,1235.81,111.23,1347.04,1,"Synthetic service, invoice 000089 line 01",ITEM-001,2.0000,498.03,996.06,STANDARD_RATED,0.0900,89.65,1085.71,SGD
1.0,smoke-v1-seed-20260731,ERP_ONE,invoice-000089,SUP-009,INV-202607-000089,INVOICE,2026-07-28,2026-07-30,2026-07-01,2026-08-01,SGD,1235.81,111.23,1347.04,2,"Synthetic service, invoice 000089 line 02",ITEM-002,5.0000,47.95,239.75,STANDARD_RATED,0.0900,21.58,261.33,SGD
1.0,smoke-v1-seed-20260731,ERP_ONE,invoice-000090,SUP-010,INV-202607-000090,INVOICE,2026-07-04,2026-07-04,2026-07-01,2026-08-01,SGD,1468.21,132.13,1600.34,1,"Synthetic service, invoice 000090 line 01",ITEM-001,5.0000,14.01,70.05,STANDARD_RATED,0.0900,6.30,76.35,SGD
1.0,smoke-v1-seed-20260731,ERP_ONE,invoice-000090,SUP-010,INV-202607-000090,INVOICE,2026-07-04,2026-07-04,2026-07-01,2026-08-01,SGD,1468.21,132.13,1600.34,2,"Synthetic service, invoice 000090 line 02",ITEM-002,4.0000,349.54,1398.16,STANDARD_RATED,0.0900,125.83,1523.99,SGD
1.0,smoke-v1-seed-20260731,ERP_ONE,invoice-000091,SUP-001,INV-202607-000091,INVOICE,2026-07-10,2026-07-10,2026-07-01,2026-08-01,SGD,3360.08,302.41,3662.49,1,"Synthetic service, invoice 000091 line 01",ITEM-001,5.0000,406.40,2032.00,STANDARD_RATED,0.0900,182.88,2214.88,SGD
1.0,smoke-v1-seed-20260731,ERP_ONE,invoice-000091,SUP-001,INV-202607-000091,INVOICE,2026-07-10,2026-07-10,2026-07-01,2026-08-01,SGD,3360.08,302.41,3662.49,2,"Synthetic service, invoice 000091 line 02",ITEM-002,3.0000,191.08,573.24,STANDARD_RATED,0.0900,51.59,624.83,SGD
1.0,smoke-v1-seed-20260731,ERP_ONE,invoice-000091,SUP-001,INV-202607-000091,INVOICE,2026-07-10,2026-07-10,2026-07-01,2026-08-01,SGD,3360.08,302.41,3662.49,3,"Synthetic service, invoice 000091 line 03",ITEM-003,4.0000,188.71,754.84,STANDARD_RATED,0.0900,67.94,822.78,SGD
1.0,smoke-v1-seed-20260731,ERP_ONE,invoice-000092,SUP-002,INV-202607-000092,INVOICE,2026-07-09,2026-07-10,2026-07-01,2026-08-01,SGD,228.94,20.60,249.54,1,"Synthetic service, invoice 000092 line 01",ITEM-001,2.0000,114.47,228.94,STANDARD_RATED,0.0900,20.60,249.54,SGD
1.0,smoke-v1-seed-20260731,ERP_ONE,invoice-000093,SUP-003,INV-202607-000093,INVOICE,2026-07-13,2026-07-13,2026-07-01,2026-08-01,SGD,3754.44,337.90,4092.34,1,"Synthetic service, invoice 000093 line 01",ITEM-001,3.0000,157.70,473.10,STANDARD_RATED,0.0900,42.58,515.68,SGD
1.0,smoke-v1-seed-20260731,ERP_ONE,invoice-000093,SUP-003,INV-202607-000093,INVOICE,2026-07-13,2026-07-13,2026-07-01,2026-08-01,SGD,3754.44,337.90,4092.34,2,"Synthetic service, invoice 000093 line 02",ITEM-002,3.0000,339.73,1019.19,STANDARD_RATED,0.0900,91.73,1110.92,SGD
1.0,smoke-v1-seed-20260731,ERP_ONE,invoice-000093,SUP-003,INV-202607-000093,INVOICE,2026-07-13,2026-07-13,2026-07-01,2026-08-01,SGD,3754.44,337.90,4092.34,3,"Synthetic service, invoice 000093 line 03",ITEM-003,5.0000,452.43,2262.15,STANDARD_RATED,0.0900,203.59,2465.74,SGD
1.0,smoke-v1-seed-20260731,ERP_ONE,invoice-000094,SUP-004,INV-202607-000094,INVOICE,2026-07-14,2026-07-16,2026-07-01,2026-08-01,SGD,484.84,43.64,528.48,1,"Synthetic service, invoice 000094 line 01",ITEM-001,1.0000,484.84,484.84,STANDARD_RATED,0.0900,43.64,528.48,SGD
1.0,smoke-v1-seed-20260731,ERP_ONE,invoice-000095,SUP-005,INV-202607-000095,INVOICE,2026-07-16,2026-07-16,2026-07-01,2026-08-01,SGD,1370.90,123.38,1494.28,1,"Synthetic service, invoice 000095 line 01",ITEM-001,5.0000,274.18,1370.90,STANDARD_RATED,0.0900,123.38,1494.28,SGD
1.0,smoke-v1-seed-20260731,ERP_ONE,invoice-000096,SUP-006,INV-202607-000096,INVOICE,2026-07-08,2026-07-10,2026-07-01,2026-08-01,SGD,2588.21,232.94,2821.15,1,"Synthetic service, invoice 000096 line 01",ITEM-001,4.0000,425.27,1701.08,STANDARD_RATED,0.0900,153.10,1854.18,SGD
1.0,smoke-v1-seed-20260731,ERP_ONE,invoice-000096,SUP-006,INV-202607-000096,INVOICE,2026-07-08,2026-07-10,2026-07-01,2026-08-01,SGD,2588.21,232.94,2821.15,2,"Synthetic service, invoice 000096 line 02",ITEM-002,1.0000,93.00,93.00,STANDARD_RATED,0.0900,8.37,101.37,SGD
1.0,smoke-v1-seed-20260731,ERP_ONE,invoice-000096,SUP-006,INV-202607-000096,INVOICE,2026-07-08,2026-07-10,2026-07-01,2026-08-01,SGD,2588.21,232.94,2821.15,3,"Synthetic service, invoice 000096 line 03",ITEM-003,3.0000,264.71,794.13,STANDARD_RATED,0.0900,71.47,865.60,SGD
1.0,smoke-v1-seed-20260731,ERP_ONE,invoice-000097,SUP-007,INV-202607-000097,INVOICE,2026-07-28,2026-07-29,2026-07-01,2026-08-01,SGD,1747.90,157.31,1905.21,1,"Synthetic service, invoice 000097 line 01",ITEM-001,5.0000,349.58,1747.90,STANDARD_RATED,0.0900,157.31,1905.21,SGD
1.0,smoke-v1-seed-20260731,ERP_ONE,invoice-000098,SUP-008,INV-202607-000098,INVOICE,2026-07-25,2026-07-26,2026-07-01,2026-08-01,SGD,114.76,10.33,125.09,1,"Synthetic service, invoice 000098 line 01",ITEM-001,4.0000,28.69,114.76,STANDARD_RATED,0.0900,10.33,125.09,SGD
1.0,smoke-v1-seed-20260731,ERP_ONE,invoice-000099,SUP-009,INV-202607-000099,INVOICE,2026-07-09,2026-07-09,2026-07-01,2026-08-01,SGD,1637.43,147.37,1784.80,1,"Synthetic service, invoice 000099 line 01",ITEM-001,3.0000,437.50,1312.50,STANDARD_RATED,0.0900,118.13,1430.63,SGD
1.0,smoke-v1-seed-20260731,ERP_ONE,invoice-000099,SUP-009,INV-202607-000099,INVOICE,2026-07-09,2026-07-09,2026-07-01,2026-08-01,SGD,1637.43,147.37,1784.80,2,"Synthetic service, invoice 000099 line 02",ITEM-002,1.0000,324.93,324.93,STANDARD_RATED,0.0900,29.24,354.17,SGD
1.0,smoke-v1-seed-20260731,ERP_ONE,invoice-000100,SUP-010,INV-202607-000100,INVOICE,2026-07-27,2026-07-27,2026-07-01,2026-08-01,SGD,2628.84,236.59,2865.43,1,"Synthetic service, invoice 000100 line 01",ITEM-001,4.0000,383.23,1532.92,STANDARD_RATED,0.0900,137.96,1670.88,SGD
1.0,smoke-v1-seed-20260731,ERP_ONE,invoice-000100,SUP-010,INV-202607-000100,INVOICE,2026-07-27,2026-07-27,2026-07-01,2026-08-01,SGD,2628.84,236.59,2865.43,2,"Synthetic service, invoice 000100 line 02",ITEM-002,2.0000,279.10,558.20,STANDARD_RATED,0.0900,50.24,608.44,SGD
1.0,smoke-v1-seed-20260731,ERP_ONE,invoice-000100,SUP-010,INV-202607-000100,INVOICE,2026-07-27,2026-07-27,2026-07-01,2026-08-01,SGD,2628.84,236.59,2865.43,3,"Synthetic service, invoice 000100 line 03",ITEM-003,4.0000,134.43,537.72,STANDARD_RATED,0.0900,48.39,586.11,SGD
